{
  "model": "x-ai/grok-4-fast",
  "foundations": {
    "Care": {
      "n": 132,
      "spearman_r": 0.752075645770551,
      "spearman_p": 2.6733936647437833e-25,
      "pearson_r": 0.8348771697388645,
      "pearson_p": 1.6330885527751478e-35,
      "slope": 16.93781741952993,
      "intercept": -19.796150006763604,
      "mae": 11.949064432988301
    },
    "Fairness": {
      "n": 132,
      "spearman_r": 0.579757319516785,
      "spearman_p": 3.239638086786455e-13,
      "pearson_r": 0.8300554321073116,
      "pearson_p": 8.988822922924934e-35,
      "slope": 16.831218459683924,
      "intercept": -18.62682117007485,
      "mae": 10.400495150317322
    },
    "Loyalty": {
      "n": 132,
      "spearman_r": 0.608554125050308,
      "spearman_p": 9.917173376085292e-15,
      "pearson_r": 0.7604684788614894,
      "pearson_p": 3.846757789689571e-26,
      "slope": 14.325111248201544,
      "intercept": -14.614613380406405,
      "mae": 8.769381041798463
    },
    "Authority": {
      "n": 132,
      "spearman_r": 0.3992641684155331,
      "spearman_p": 2.1128992934060663e-06,
      "pearson_r": 0.7507333509097446,
      "pearson_p": 3.6191566606449657e-25,
      "slope": 13.665414295186824,
      "intercept": -14.593599126842943,
      "mae": 11.180279315254811
    },
    "Sanctity": {
      "n": 132,
      "spearman_r": 0.6101938770258298,
      "spearman_p": 8.045017849147063e-15,
      "pearson_r": 0.9093061736498359,
      "pearson_p": 2.4221515942586335e-51,
      "slope": 18.874644075777052,
      "intercept": -17.337984860969406,
      "mae": 5.361238344380764
    },
    "Liberty": {
      "n": 132,
      "spearman_r": 0.6561916328523105,
      "spearman_p": 1.3353979253561124e-17,
      "pearson_r": 0.8235956306608437,
      "pearson_p": 8.134570460171903e-34,
      "slope": 14.521542711652073,
      "intercept": -13.897505162625928,
      "mae": 7.712430508375533
    },
    "SocialNorms": {
      "n": 132,
      "spearman_r": 0.09668619335677964,
      "spearman_p": 0.2700877674081546,
      "pearson_r": 0.29056854881984573,
      "pearson_p": 0.0007252422975898985,
      "slope": 13.997863746651749,
      "intercept": -15.427790540859153,
      "mae": 20.266020999782057
    },
    "wrongness": {
      "n": 132,
      "spearman_r": 0.7000966888382987,
      "spearman_p": 9.553969393877277e-21,
      "pearson_r": 0.8015503306020324,
      "pearson_p": 7.992466706419527e-31,
      "slope": 0.6592744633723437,
      "intercept": 0.15426752879195701,
      "mae": 0.4504510969119333
    }
  },
  "dominant_accuracy": 0.9393939393939394,
  "n_vignettes": 132
}